{
  "logistic_regression": {
    "accuracy": 0.5882936507936508,
    "precision": 0.6718266253869969,
    "recall": 0.6813186813186813,
    "f1": 0.676539360872954,
    "f1_macro": 0.5551864607911836,
    "best_params": {
      "C": 0.01,
      "solver": "liblinear"
    },
    "best_cv_score": 0.5835809394483034,
    "training_time": 4.8
  },
  "decision_tree": {
    "accuracy": 0.5357142857142857,
    "precision": 0.6771488469601677,
    "recall": 0.5070643642072213,
    "f1": 0.5798922800718133,
    "f1_macro": 0.5305226367099642,
    "best_params": {
      "max_depth": 3,
      "min_samples_leaf": 1,
      "min_samples_split": 2
    },
    "best_cv_score": 0.5556637259316175,
    "training_time": 0.6
  },
  "random_forest": {
    "accuracy": 0.6200396825396826,
    "precision": 0.6671052631578948,
    "recall": 0.7959183673469388,
    "f1": 0.7258410880458125,
    "f1_macro": 0.5535505924881728,
    "best_params": {
      "max_depth": 5,
      "min_samples_leaf": 2,
      "min_samples_split": 5,
      "n_estimators": 100
    },
    "best_cv_score": 0.5819864628722782,
    "training_time": 11.1
  },
  "xgboost": {
    "accuracy": 0.6408730158730159,
    "precision": 0.6703841387856257,
    "recall": 0.8492935635792779,
    "f1": 0.7493074792243767,
    "f1_macro": 0.5582201731786219,
    "best_params": {
      "learning_rate": 0.1,
      "max_depth": 3,
      "n_estimators": 100,
      "subsample": 0.8
    },
    "best_cv_score": 0.5992241938933411,
    "training_time": 3.7
  }
}